-- MySQL dump 10.13  Distrib 8.0.19, for Win64 (x86_64)
--
-- Host: localhost    Database: seriea
-- ------------------------------------------------------
-- Server version	5.5.5-10.11.11-MariaDB

/*!40101 SET @OLD_CHARACTER_SET_CLIENT=@@CHARACTER_SET_CLIENT */;
/*!40101 SET @OLD_CHARACTER_SET_RESULTS=@@CHARACTER_SET_RESULTS */;
/*!40101 SET @OLD_COLLATION_CONNECTION=@@COLLATION_CONNECTION */;
/*!50503 SET NAMES utf8mb4 */;
/*!40103 SET @OLD_TIME_ZONE=@@TIME_ZONE */;
/*!40103 SET TIME_ZONE='+00:00' */;
/*!40014 SET @OLD_UNIQUE_CHECKS=@@UNIQUE_CHECKS, UNIQUE_CHECKS=0 */;
/*!40014 SET @OLD_FOREIGN_KEY_CHECKS=@@FOREIGN_KEY_CHECKS, FOREIGN_KEY_CHECKS=0 */;
/*!40101 SET @OLD_SQL_MODE=@@SQL_MODE, SQL_MODE='NO_AUTO_VALUE_ON_ZERO' */;
/*!40111 SET @OLD_SQL_NOTES=@@SQL_NOTES, SQL_NOTES=0 */;

--
-- Table structure for table `events`
--

DROP TABLE IF EXISTS `events`;
/*!40101 SET @saved_cs_client     = @@character_set_client */;
/*!50503 SET character_set_client = utf8mb4 */;
CREATE TABLE `events` (
  `id` int(11) NOT NULL AUTO_INCREMENT,
  `match_id` int(11) DEFAULT NULL,
  `player_id` int(11) DEFAULT NULL,
  `type` varchar(50) DEFAULT NULL,
  `minute` int(11) DEFAULT NULL,
  PRIMARY KEY (`id`),
  KEY `match_id` (`match_id`),
  KEY `player_id` (`player_id`),
  CONSTRAINT `events_ibfk_1` FOREIGN KEY (`match_id`) REFERENCES `matches` (`id`),
  CONSTRAINT `events_ibfk_2` FOREIGN KEY (`player_id`) REFERENCES `players` (`id`)
) ENGINE=InnoDB AUTO_INCREMENT=7093 DEFAULT CHARSET=utf8mb4 COLLATE=utf8mb4_general_ci;
/*!40101 SET character_set_client = @saved_cs_client */;

--
-- Dumping data for table `events`
--

LOCK TABLES `events` WRITE;
/*!40000 ALTER TABLE `events` DISABLE KEYS */;
INSERT INTO `events` VALUES (6996,153,96,'GOAL',47),(6997,153,425,'GOAL',17),(6998,153,334,'ASSIST',17),(6999,153,567,'GOAL',11),(7000,153,333,'ASSIST',11),(7001,153,332,'GOAL',33),(7002,153,289,'ASSIST',33),(7003,153,261,'YELLOW',41),(7004,153,386,'YELLOW',42),(7005,153,579,'YELLOW',24),(7006,153,64,'YELLOW',89),(7007,267,302,'GOAL',18),(7008,267,2,'ASSIST',18),(7009,267,142,'YELLOW',50),(7010,267,451,'YELLOW',44),(7011,324,248,'GOAL',67),(7012,324,256,'ASSIST',67),(7013,324,131,'GOAL',57),(7014,324,397,'GOAL',88),(7015,324,312,'ASSIST',88),(7016,324,196,'YELLOW',60),(7017,324,129,'YELLOW',68),(7018,324,456,'YELLOW',43),(7019,229,470,'GOAL',18),(7020,229,630,'GOAL',73),(7021,229,154,'GOAL',11),(7022,229,45,'ASSIST',11),(7023,229,367,'GOAL',71),(7024,229,7,'ASSIST',71),(7025,229,367,'GOAL',22),(7026,229,388,'ASSIST',22),(7027,229,569,'YELLOW',77),(7028,229,588,'YELLOW',3),(7029,229,6,'YELLOW',42),(7030,229,34,'YELLOW',85),(7031,229,170,'YELLOW',70),(7032,248,255,'GOAL',5),(7033,248,554,'ASSIST',5),(7034,248,616,'GOAL',5),(7035,248,504,'ASSIST',5),(7036,248,408,'GOAL',83),(7037,248,379,'GOAL',74),(7038,248,616,'GOAL',84),(7039,248,504,'ASSIST',84),(7040,248,76,'YELLOW',42),(7041,248,50,'YELLOW',5),(7042,248,313,'YELLOW',7),(7043,248,230,'YELLOW',10),(7044,248,230,'RED',12),(7045,248,582,'YELLOW',24),(7046,248,504,'YELLOW',6),(7047,248,504,'RED',8),(7048,58,612,'GOAL',18),(7049,58,169,'GOAL',36),(7050,58,552,'ASSIST',36),(7051,58,447,'GOAL',47),(7052,58,175,'ASSIST',47),(7053,58,552,'GOAL',74),(7054,58,303,'YELLOW',34),(7055,58,336,'YELLOW',36),(7056,58,329,'YELLOW',79),(7057,58,79,'YELLOW',22),(7058,58,79,'RED',24),(7059,58,447,'YELLOW',11),(7060,58,499,'YELLOW',85),(7061,58,148,'YELLOW',15),(7062,58,200,'YELLOW',56),(7063,115,449,'GOAL',64),(7064,115,452,'ASSIST',64),(7065,115,114,'GOAL',87),(7066,115,561,'ASSIST',87),(7067,115,108,'GOAL',11),(7068,115,254,'ASSIST',11),(7069,115,589,'YELLOW',26),(7070,115,370,'YELLOW',59),(7071,115,19,'YELLOW',6),(7072,115,525,'YELLOW',30),(7073,305,346,'GOAL',59),(7074,305,140,'YELLOW',78),(7075,305,310,'YELLOW',61),(7076,305,144,'YELLOW',20),(7077,305,53,'YELLOW',31),(7078,134,444,'GOAL',55),(7079,134,5,'ASSIST',55),(7080,134,493,'YELLOW',17),(7081,134,497,'YELLOW',83),(7082,134,326,'YELLOW',28),(7083,134,315,'YELLOW',31),(7084,286,74,'GOAL',10),(7085,286,583,'ASSIST',10),(7086,286,583,'GOAL',18),(7087,286,118,'GOAL',28),(7088,286,9,'ASSIST',28),(7089,286,539,'YELLOW',60),(7090,286,259,'YELLOW',1),(7091,286,18,'YELLOW',26),(7092,286,163,'YELLOW',65);
/*!40000 ALTER TABLE `events` ENABLE KEYS */;
UNLOCK TABLES;

--
-- Table structure for table `matches`
--

DROP TABLE IF EXISTS `matches`;
/*!40101 SET @saved_cs_client     = @@character_set_client */;
/*!50503 SET character_set_client = utf8mb4 */;
CREATE TABLE `matches` (
  `id` int(11) NOT NULL AUTO_INCREMENT,
  `giornata` int(11) DEFAULT NULL,
  `home_team_id` int(11) DEFAULT NULL,
  `away_team_id` int(11) DEFAULT NULL,
  `home_score` int(11) DEFAULT NULL,
  `away_score` int(11) DEFAULT NULL,
  `played` tinyint(4) DEFAULT 0,
  PRIMARY KEY (`id`),
  KEY `home_team_id` (`home_team_id`),
  KEY `away_team_id` (`away_team_id`),
  CONSTRAINT `matches_ibfk_1` FOREIGN KEY (`home_team_id`) REFERENCES `teams` (`id`),
  CONSTRAINT `matches_ibfk_2` FOREIGN KEY (`away_team_id`) REFERENCES `teams` (`id`)
) ENGINE=InnoDB AUTO_INCREMENT=381 DEFAULT CHARSET=utf8mb4 COLLATE=utf8mb4_general_ci;
/*!40101 SET character_set_client = @saved_cs_client */;

--
-- Dumping data for table `matches`
--

LOCK TABLES `matches` WRITE;
/*!40000 ALTER TABLE `matches` DISABLE KEYS */;
INSERT INTO `matches` VALUES (1,2,15,2,NULL,NULL,0),(2,3,15,16,NULL,NULL,0),(3,6,15,14,NULL,NULL,0),(4,7,15,4,NULL,NULL,0),(5,9,15,12,NULL,NULL,0),(6,11,15,1,NULL,NULL,0),(7,13,15,17,NULL,NULL,0),(8,15,15,11,NULL,NULL,0),(9,18,15,20,NULL,NULL,0),(10,20,15,8,NULL,NULL,0),(11,22,15,10,NULL,NULL,0),(12,24,15,19,NULL,NULL,0),(13,27,15,9,NULL,NULL,0),(14,28,15,6,NULL,NULL,0),(15,30,15,13,NULL,NULL,0),(16,32,15,5,NULL,NULL,0),(17,34,15,18,NULL,NULL,0),(18,36,15,7,NULL,NULL,0),(19,38,15,3,NULL,NULL,0),(20,2,9,12,NULL,NULL,0),(21,3,9,1,NULL,NULL,0),(22,5,9,13,NULL,NULL,0),(23,7,9,18,NULL,NULL,0),(24,9,9,10,NULL,NULL,0),(25,11,9,20,NULL,NULL,0),(26,12,9,15,NULL,NULL,0),(27,15,9,16,NULL,NULL,0),(28,17,9,4,NULL,NULL,0),(29,19,9,2,NULL,NULL,0),(30,21,9,5,NULL,NULL,0),(31,24,9,6,NULL,NULL,0),(32,26,9,7,NULL,NULL,0),(33,28,9,14,NULL,NULL,0),(34,30,9,19,NULL,NULL,0),(35,32,9,3,NULL,NULL,0),(36,34,9,17,NULL,NULL,0),(37,35,9,8,NULL,NULL,0),(38,37,9,11,NULL,NULL,0),(39,4,1,6,NULL,NULL,0),(40,5,1,4,NULL,NULL,0),(41,7,1,7,NULL,NULL,0),(42,9,1,8,NULL,NULL,0),(43,10,1,14,NULL,NULL,0),(44,12,1,19,NULL,NULL,0),(45,15,1,13,NULL,NULL,0),(46,17,1,5,NULL,NULL,0),(47,19,1,10,NULL,NULL,0),(48,21,1,15,NULL,NULL,0),(49,23,1,18,NULL,NULL,0),(50,25,1,3,NULL,NULL,0),(51,27,1,20,NULL,NULL,0),(52,29,1,9,NULL,NULL,0),(53,31,1,11,NULL,NULL,0),(54,32,1,2,NULL,NULL,0),(55,34,1,12,NULL,NULL,0),(56,36,1,17,NULL,NULL,0),(57,38,1,16,NULL,NULL,0),(58,1,10,4,1,3,1),(59,3,10,17,NULL,NULL,0),(60,5,10,15,NULL,NULL,0),(61,7,10,3,NULL,NULL,0),(62,8,10,11,NULL,NULL,0),(63,10,10,16,NULL,NULL,0),(64,12,10,18,NULL,NULL,0),(65,15,10,2,NULL,NULL,0),(66,16,10,20,NULL,NULL,0),(67,18,10,6,NULL,NULL,0),(68,21,10,13,NULL,NULL,0),(69,23,10,5,NULL,NULL,0),(70,25,10,9,NULL,NULL,0),(71,27,10,8,NULL,NULL,0),(72,28,10,1,NULL,NULL,0),(73,30,10,7,NULL,NULL,0),(74,32,10,12,NULL,NULL,0),(75,34,10,14,NULL,NULL,0),(76,37,10,19,NULL,NULL,0),(77,2,17,5,NULL,NULL,0),(78,5,17,19,NULL,NULL,0),(79,6,17,20,NULL,NULL,0),(80,8,17,9,NULL,NULL,0),(81,10,17,18,NULL,NULL,0),(82,12,17,2,NULL,NULL,0),(83,14,17,1,NULL,NULL,0),(84,15,17,12,NULL,NULL,0),(85,17,17,16,NULL,NULL,0),(86,19,17,11,NULL,NULL,0),(87,21,17,7,NULL,NULL,0),(88,23,17,15,NULL,NULL,0),(89,26,17,14,NULL,NULL,0),(90,27,17,4,NULL,NULL,0),(91,29,17,3,NULL,NULL,0),(92,31,17,10,NULL,NULL,0),(93,33,17,8,NULL,NULL,0),(94,35,17,6,NULL,NULL,0),(95,37,17,13,NULL,NULL,0),(96,2,6,20,NULL,NULL,0),(97,3,6,14,NULL,NULL,0),(98,5,6,11,NULL,NULL,0),(99,7,6,13,NULL,NULL,0),(100,9,6,17,NULL,NULL,0),(101,12,6,8,NULL,NULL,0),(102,14,6,9,NULL,NULL,0),(103,15,6,3,NULL,NULL,0),(104,17,6,19,NULL,NULL,0),(105,19,6,15,NULL,NULL,0),(106,21,6,18,NULL,NULL,0),(107,23,6,7,NULL,NULL,0),(108,25,6,4,NULL,NULL,0),(109,27,6,12,NULL,NULL,0),(110,29,6,10,NULL,NULL,0),(111,30,6,1,NULL,NULL,0),(112,32,6,16,NULL,NULL,0),(113,34,6,5,NULL,NULL,0),(114,37,6,2,NULL,NULL,0),(115,1,11,20,2,1,1),(116,3,11,13,NULL,NULL,0),(117,4,11,8,NULL,NULL,0),(118,7,11,5,NULL,NULL,0),(119,9,11,7,NULL,NULL,0),(120,11,11,3,NULL,NULL,0),(121,13,11,2,NULL,NULL,0),(122,16,11,9,NULL,NULL,0),(123,18,11,1,NULL,NULL,0),(124,20,11,4,NULL,NULL,0),(125,22,11,6,NULL,NULL,0),(126,24,11,14,NULL,NULL,0),(127,25,11,15,NULL,NULL,0),(128,28,11,19,NULL,NULL,0),(129,30,11,18,NULL,NULL,0),(130,32,11,17,NULL,NULL,0),(131,34,11,16,NULL,NULL,0),(132,36,11,10,NULL,NULL,0),(133,38,11,12,NULL,NULL,0),(134,1,13,18,1,0,1),(135,4,13,20,NULL,NULL,0),(136,6,13,12,NULL,NULL,0),(137,8,13,19,NULL,NULL,0),(138,10,13,15,NULL,NULL,0),(139,13,13,10,NULL,NULL,0),(140,14,13,5,NULL,NULL,0),(141,16,13,7,NULL,NULL,0),(142,18,13,17,NULL,NULL,0),(143,20,13,3,NULL,NULL,0),(144,22,13,16,NULL,NULL,0),(145,23,13,9,NULL,NULL,0),(146,25,13,8,NULL,NULL,0),(147,27,13,11,NULL,NULL,0),(148,29,13,4,NULL,NULL,0),(149,31,13,6,NULL,NULL,0),(150,33,13,1,NULL,NULL,0),(151,36,13,2,NULL,NULL,0),(152,38,13,14,NULL,NULL,0),(153,1,2,19,2,2,1),(154,3,2,5,NULL,NULL,0),(155,6,2,1,NULL,NULL,0),(156,7,2,16,NULL,NULL,0),(157,11,2,12,NULL,NULL,0),(158,14,2,20,NULL,NULL,0),(159,16,2,6,NULL,NULL,0),(160,18,2,8,NULL,NULL,0),(161,20,2,17,NULL,NULL,0),(162,21,2,14,NULL,NULL,0),(163,23,2,4,NULL,NULL,0),(164,25,2,18,NULL,NULL,0),(165,9,2,13,NULL,NULL,0),(166,27,2,3,NULL,NULL,0),(167,29,2,11,NULL,NULL,0),(168,31,2,15,NULL,NULL,0),(169,33,2,9,NULL,NULL,0),(170,35,2,10,NULL,NULL,0),(171,38,2,7,NULL,NULL,0),(172,4,4,2,NULL,NULL,0),(173,6,4,8,NULL,NULL,0),(174,8,4,16,NULL,NULL,0),(175,10,4,11,NULL,NULL,0),(176,13,4,6,NULL,NULL,0),(177,14,4,14,NULL,NULL,0),(178,16,4,17,NULL,NULL,0),(179,18,4,12,NULL,NULL,0),(180,19,4,13,NULL,NULL,0),(181,21,4,19,NULL,NULL,0),(182,22,4,1,NULL,NULL,0),(183,24,4,10,NULL,NULL,0),(184,26,4,15,NULL,NULL,0),(185,28,4,20,NULL,NULL,0),(186,30,4,5,NULL,NULL,0),(187,32,4,18,NULL,NULL,0),(188,34,4,7,NULL,NULL,0),(189,36,4,3,NULL,NULL,0),(190,38,4,9,NULL,NULL,0),(191,2,18,1,NULL,NULL,0),(192,4,18,12,NULL,NULL,0),(193,6,18,11,NULL,NULL,0),(194,9,18,4,NULL,NULL,0),(195,11,18,6,NULL,NULL,0),(196,13,18,14,NULL,NULL,0),(197,14,18,15,NULL,NULL,0),(198,17,18,2,NULL,NULL,0),(199,19,18,16,NULL,NULL,0),(200,20,18,10,NULL,NULL,0),(201,22,18,3,NULL,NULL,0),(202,24,18,7,NULL,NULL,0),(203,26,18,13,NULL,NULL,0),(204,29,18,5,NULL,NULL,0),(205,31,18,8,NULL,NULL,0),(206,33,18,19,NULL,NULL,0),(207,35,18,20,NULL,NULL,0),(208,36,18,9,NULL,NULL,0),(209,38,18,17,NULL,NULL,0),(210,2,19,11,NULL,NULL,0),(211,3,19,4,NULL,NULL,0),(212,6,19,9,NULL,NULL,0),(213,7,19,12,NULL,NULL,0),(214,9,19,3,NULL,NULL,0),(215,11,19,10,NULL,NULL,0),(216,14,19,7,NULL,NULL,0),(217,16,19,15,NULL,NULL,0),(218,18,19,18,NULL,NULL,0),(219,20,19,1,NULL,NULL,0),(220,22,19,17,NULL,NULL,0),(221,23,19,20,NULL,NULL,0),(222,25,19,5,NULL,NULL,0),(223,27,19,16,NULL,NULL,0),(224,29,19,8,NULL,NULL,0),(225,32,19,13,NULL,NULL,0),(226,34,19,2,NULL,NULL,0),(227,36,19,14,NULL,NULL,0),(228,38,19,6,NULL,NULL,0),(229,1,7,9,1,4,1),(230,3,7,8,NULL,NULL,0),(231,4,7,17,NULL,NULL,0),(232,6,7,10,NULL,NULL,0),(233,8,7,2,NULL,NULL,0),(234,10,7,6,NULL,NULL,0),(235,12,7,4,NULL,NULL,0),(236,13,7,3,NULL,NULL,0),(237,15,7,18,NULL,NULL,0),(238,17,7,15,NULL,NULL,0),(239,20,7,16,NULL,NULL,0),(240,22,7,14,NULL,NULL,0),(241,25,7,20,NULL,NULL,0),(242,27,7,5,NULL,NULL,0),(243,29,7,12,NULL,NULL,0),(244,31,7,19,NULL,NULL,0),(245,33,7,11,NULL,NULL,0),(246,35,7,13,NULL,NULL,0),(247,37,7,1,NULL,NULL,0),(248,1,8,15,1,4,1),(249,2,8,10,NULL,NULL,0),(250,5,8,18,NULL,NULL,0),(251,7,8,20,NULL,NULL,0),(252,8,8,14,NULL,NULL,0),(253,11,8,17,NULL,NULL,0),(254,13,8,9,NULL,NULL,0),(255,15,8,5,NULL,NULL,0),(256,17,8,13,NULL,NULL,0),(257,19,8,19,NULL,NULL,0),(258,21,8,11,NULL,NULL,0),(259,24,8,1,NULL,NULL,0),(260,26,8,6,NULL,NULL,0),(261,28,8,2,NULL,NULL,0),(262,30,8,16,NULL,NULL,0),(263,32,8,7,NULL,NULL,0),(264,34,8,3,NULL,NULL,0),(265,36,8,12,NULL,NULL,0),(266,37,8,4,NULL,NULL,0),(267,1,3,17,0,1,1),(268,2,3,4,NULL,NULL,0),(269,4,3,15,NULL,NULL,0),(270,5,3,5,NULL,NULL,0),(271,8,3,18,NULL,NULL,0),(272,10,3,2,NULL,NULL,0),(273,12,3,13,NULL,NULL,0),(274,14,3,8,NULL,NULL,0),(275,16,3,1,NULL,NULL,0),(276,18,3,9,NULL,NULL,0),(277,21,3,12,NULL,NULL,0),(278,23,3,11,NULL,NULL,0),(279,24,3,16,NULL,NULL,0),(280,26,3,10,NULL,NULL,0),(281,28,3,7,NULL,NULL,0),(282,30,3,14,NULL,NULL,0),(283,33,3,6,NULL,NULL,0),(284,35,3,19,NULL,NULL,0),(285,37,3,20,NULL,NULL,0),(286,1,16,6,2,1,1),(287,2,16,13,NULL,NULL,0),(288,4,16,19,NULL,NULL,0),(289,6,16,3,NULL,NULL,0),(290,9,16,5,NULL,NULL,0),(291,11,16,7,NULL,NULL,0),(292,13,16,1,NULL,NULL,0),(293,14,16,11,NULL,NULL,0),(294,16,16,8,NULL,NULL,0),(295,18,16,14,NULL,NULL,0),(296,21,16,20,NULL,NULL,0),(297,23,16,12,NULL,NULL,0),(298,25,16,17,NULL,NULL,0),(299,26,16,2,NULL,NULL,0),(300,28,16,18,NULL,NULL,0),(301,31,16,9,NULL,NULL,0),(302,33,16,10,NULL,NULL,0),(303,35,16,4,NULL,NULL,0),(304,37,16,15,NULL,NULL,0),(305,1,12,1,0,1,1),(306,3,12,3,NULL,NULL,0),(307,5,12,16,NULL,NULL,0),(308,8,12,6,NULL,NULL,0),(309,10,12,8,NULL,NULL,0),(310,12,12,5,NULL,NULL,0),(311,14,12,10,NULL,NULL,0),(312,16,12,14,NULL,NULL,0),(313,17,12,11,NULL,NULL,0),(314,19,12,7,NULL,NULL,0),(315,22,12,9,NULL,NULL,0),(316,24,12,2,NULL,NULL,0),(317,26,12,19,NULL,NULL,0),(318,28,12,13,NULL,NULL,0),(319,30,12,17,NULL,NULL,0),(320,31,12,20,NULL,NULL,0),(321,33,12,4,NULL,NULL,0),(322,35,12,15,NULL,NULL,0),(323,37,12,18,NULL,NULL,0),(324,1,5,14,2,1,1),(325,4,5,10,NULL,NULL,0),(326,6,5,6,NULL,NULL,0),(327,8,5,15,NULL,NULL,0),(328,10,5,9,NULL,NULL,0),(329,11,5,4,NULL,NULL,0),(330,13,5,19,NULL,NULL,0),(331,16,5,18,NULL,NULL,0),(332,18,5,7,NULL,NULL,0),(333,20,5,12,NULL,NULL,0),(334,22,5,2,NULL,NULL,0),(335,24,5,13,NULL,NULL,0),(336,26,5,1,NULL,NULL,0),(337,28,5,17,NULL,NULL,0),(338,31,5,3,NULL,NULL,0),(339,33,5,20,NULL,NULL,0),(340,35,5,11,NULL,NULL,0),(341,36,5,16,NULL,NULL,0),(342,38,5,8,NULL,NULL,0),(343,3,20,18,NULL,NULL,0),(344,5,20,7,NULL,NULL,0),(345,8,20,1,NULL,NULL,0),(346,10,20,19,NULL,NULL,0),(347,12,20,16,NULL,NULL,0),(348,13,20,12,NULL,NULL,0),(349,15,20,4,NULL,NULL,0),(350,17,20,3,NULL,NULL,0),(351,19,20,5,NULL,NULL,0),(352,20,20,9,NULL,NULL,0),(353,22,20,8,NULL,NULL,0),(354,24,20,17,NULL,NULL,0),(355,26,20,11,NULL,NULL,0),(356,29,20,15,NULL,NULL,0),(357,30,20,2,NULL,NULL,0),(358,32,20,14,NULL,NULL,0),(359,34,20,13,NULL,NULL,0),(360,36,20,6,NULL,NULL,0),(361,38,20,10,NULL,NULL,0),(362,2,14,7,NULL,NULL,0),(363,4,14,9,NULL,NULL,0),(364,5,14,2,NULL,NULL,0),(365,7,14,17,NULL,NULL,0),(366,9,14,20,NULL,NULL,0),(367,11,14,13,NULL,NULL,0),(368,12,14,11,NULL,NULL,0),(369,15,14,19,NULL,NULL,0),(370,17,14,10,NULL,NULL,0),(371,19,14,3,NULL,NULL,0),(372,20,14,6,NULL,NULL,0),(373,23,14,8,NULL,NULL,0),(374,25,14,12,NULL,NULL,0),(375,27,14,18,NULL,NULL,0),(376,29,14,16,NULL,NULL,0),(377,31,14,4,NULL,NULL,0),(378,33,14,15,NULL,NULL,0),(379,35,14,1,NULL,NULL,0),(380,37,14,5,NULL,NULL,0);
/*!40000 ALTER TABLE `matches` ENABLE KEYS */;
UNLOCK TABLES;

--
-- Table structure for table `performances`
--

DROP TABLE IF EXISTS `performances`;
/*!40101 SET @saved_cs_client     = @@character_set_client */;
/*!50503 SET character_set_client = utf8mb4 */;
CREATE TABLE `performances` (
  `id` int(11) NOT NULL AUTO_INCREMENT,
  `match_id` int(11) DEFAULT NULL,
  `player_id` int(11) DEFAULT NULL,
  `vote` float DEFAULT NULL,
  PRIMARY KEY (`id`),
  KEY `match_id` (`match_id`),
  KEY `player_id` (`player_id`),
  CONSTRAINT `performances_ibfk_1` FOREIGN KEY (`match_id`) REFERENCES `matches` (`id`),
  CONSTRAINT `performances_ibfk_2` FOREIGN KEY (`player_id`) REFERENCES `players` (`id`)
) ENGINE=InnoDB AUTO_INCREMENT=26629 DEFAULT CHARSET=utf8mb4 COLLATE=utf8mb4_general_ci;
/*!40101 SET character_set_client = @saved_cs_client */;

--
-- Dumping data for table `performances`
--

LOCK TABLES `performances` WRITE;
/*!40000 ALTER TABLE `performances` DISABLE KEYS */;
INSERT INTO `performances` VALUES (25995,153,11,6),(25996,153,32,6),(25997,153,61,6),(25998,153,90,6),(25999,153,96,7),(26000,153,111,6),(26001,153,115,6),(26002,153,150,6),(26003,153,160,6),(26004,153,173,6),(26005,153,195,6),(26006,153,197,6),(26007,153,199,6),(26008,153,208,6),(26009,153,218,6),(26010,153,261,5.5),(26011,153,269,6),(26012,153,287,6),(26013,153,334,6.5),(26014,153,340,6),(26015,153,386,5.5),(26016,153,395,6),(26017,153,406,6),(26018,153,416,6),(26019,153,425,7),(26020,153,475,6),(26021,153,479,6),(26022,153,491,6),(26023,153,537,6),(26024,153,579,5.5),(26025,153,1,6),(26026,153,26,6),(26027,153,64,5.5),(26028,153,78,6),(26029,153,80,6),(26030,153,156,6),(26031,153,183,6),(26032,153,186,6),(26033,153,188,6),(26034,153,231,6),(26035,153,283,6),(26036,153,285,6),(26037,153,289,6.5),(26038,153,309,6),(26039,153,332,7),(26040,153,333,6.5),(26041,153,389,6),(26042,153,420,6),(26043,153,431,6),(26044,153,432,6),(26045,153,437,6),(26046,153,446,6),(26047,153,459,6),(26048,153,473,6),(26049,153,517,6),(26050,153,520,6),(26051,153,541,6),(26052,153,567,7),(26053,153,577,6),(26054,153,624,6),(26055,153,625,6),(26056,267,28,5.7),(26057,267,31,5.7),(26058,267,103,5.7),(26059,267,126,5.7),(26060,267,133,5.7),(26061,267,162,5.7),(26062,267,206,5.7),(26063,267,223,5.7),(26064,267,314,5.7),(26065,267,335,5.7),(26066,267,338,5.7),(26067,267,339,5.7),(26068,267,344,5.7),(26069,267,363,5.7),(26070,267,385,5.7),(26071,267,401,5.7),(26072,267,404,5.7),(26073,267,415,5.7),(26074,267,445,5.7),(26075,267,466,5.7),(26076,267,471,5.7),(26077,267,481,5.7),(26078,267,526,5.7),(26079,267,532,5.7),(26080,267,595,5.7),(26081,267,610,5.7),(26082,267,622,5.7),(26083,267,631,5.7),(26084,267,2,6.8),(26085,267,4,6.3),(26086,267,21,6.3),(26087,267,36,6.3),(26088,267,119,6.3),(26089,267,142,5.8),(26090,267,149,6.3),(26091,267,178,6.3),(26092,267,182,6.3),(26093,267,243,6.3),(26094,267,257,6.3),(26095,267,262,6.3),(26096,267,302,7.3),(26097,267,318,6.3),(26098,267,350,6.3),(26099,267,402,6.3),(26100,267,407,6.3),(26101,267,438,6.3),(26102,267,451,5.8),(26103,267,472,6.3),(26104,267,495,6.3),(26105,267,508,6.3),(26106,267,513,6.3),(26107,267,531,6.3),(26108,267,533,6.3),(26109,267,547,6.3),(26110,267,557,6.3),(26111,267,614,6.3),(26112,324,23,6.3),(26113,324,33,6.3),(26114,324,88,6.3),(26115,324,98,6.3),(26116,324,105,6.3),(26117,324,131,7.3),(26118,324,159,6.3),(26119,324,184,6.3),(26120,324,189,6.3),(26121,324,196,5.8),(26122,324,205,6.3),(26123,324,238,6.3),(26124,324,244,6.3),(26125,324,248,7.3),(26126,324,250,6.3),(26127,324,256,6.8),(26128,324,272,6.3),(26129,324,301,6.3),(26130,324,306,6.3),(26131,324,307,6.3),(26132,324,347,6.3),(26133,324,359,6.3),(26134,324,450,6.3),(26135,324,465,6.3),(26136,324,515,6.3),(26137,324,528,6.3),(26138,324,535,6.3),(26139,324,540,6.3),(26140,324,551,6.3),(26141,324,576,6.3),(26142,324,587,6.3),(26143,324,596,6.3),(26144,324,608,6.3),(26145,324,632,6.3),(26146,324,14,5.7),(26147,324,37,5.7),(26148,324,62,5.7),(26149,324,68,5.7),(26150,324,71,5.7),(26151,324,82,5.7),(26152,324,92,5.7),(26153,324,102,5.7),(26154,324,107,5.7),(26155,324,116,5.7),(26156,324,129,5.2),(26157,324,147,5.7),(26158,324,214,5.7),(26159,324,224,5.7),(26160,324,226,5.7),(26161,324,273,5.7),(26162,324,312,6.2),(26163,324,321,5.7),(26164,324,345,5.7),(26165,324,357,5.7),(26166,324,360,5.7),(26167,324,369,5.7),(26168,324,374,5.7),(26169,324,397,6.7),(26170,324,433,5.7),(26171,324,456,5.2),(26172,324,463,5.7),(26173,324,464,5.7),(26174,324,474,5.7),(26175,324,529,5.7),(26176,324,578,5.7),(26177,324,580,5.7),(26178,324,585,5.7),(26179,324,594,5.7),(26180,324,628,5.7),(26181,324,633,5.7),(26182,229,6,5.2),(26183,229,12,5.7),(26184,229,15,5.7),(26185,229,34,5.2),(26186,229,39,5.7),(26187,229,42,5.7),(26188,229,70,5.7),(26189,229,137,5.7),(26190,229,161,5.7),(26191,229,187,5.7),(26192,229,190,5.7),(26193,229,216,5.7),(26194,229,240,5.7),(26195,229,290,5.7),(26196,229,319,5.7),(26197,229,348,5.7),(26198,229,354,5.7),(26199,229,365,5.7),(26200,229,372,5.7),(26201,229,373,5.7),(26202,229,380,5.7),(26203,229,382,5.7),(26204,229,387,5.7),(26205,229,413,5.7),(26206,229,422,5.7),(26207,229,427,5.7),(26208,229,457,5.7),(26209,229,470,6.7),(26210,229,507,5.7),(26211,229,534,5.7),(26212,229,542,5.7),(26213,229,569,5.2),(26214,229,588,5.2),(26215,229,592,5.7),(26216,229,597,5.7),(26217,229,601,5.7),(26218,229,620,5.7),(26219,229,7,6.8),(26220,229,24,6.3),(26221,229,25,6.3),(26222,229,29,6.3),(26223,229,30,6.3),(26224,229,45,6.8),(26225,229,49,6.3),(26226,229,83,6.3),(26227,229,93,6.3),(26228,229,138,6.3),(26229,229,154,7.3),(26230,229,170,5.8),(26231,229,180,6.3),(26232,229,215,6.3),(26233,229,366,6.3),(26234,229,367,8.3),(26235,229,388,6.8),(26236,229,434,6.3),(26237,229,443,6.3),(26238,229,543,6.3),(26239,229,560,6.3),(26240,229,571,6.3),(26241,229,575,6.3),(26242,229,605,6.3),(26243,229,615,6.3),(26244,229,630,7.3),(26245,248,13,5.7),(26246,248,16,5.7),(26247,248,41,5.7),(26248,248,50,5.2),(26249,248,60,5.7),(26250,248,76,5.2),(26251,248,128,5.7),(26252,248,136,5.7),(26253,248,152,5.7),(26254,248,157,5.7),(26255,248,179,5.7),(26256,248,204,5.7),(26257,248,217,5.7),(26258,248,230,3.2),(26259,248,255,6.7),(26260,248,291,5.7),(26261,248,313,5.2),(26262,248,316,5.7),(26263,248,327,5.7),(26264,248,342,5.7),(26265,248,390,5.7),(26266,248,396,5.7),(26267,248,419,5.7),(26268,248,430,5.7),(26269,248,460,5.7),(26270,248,519,5.7),(26271,248,530,5.7),(26272,248,554,6.2),(26273,248,563,5.7),(26274,248,564,5.7),(26275,248,572,5.7),(26276,248,582,5.2),(26277,248,65,6.3),(26278,248,84,6.3),(26279,248,104,6.3),(26280,248,122,6.3),(26281,248,167,6.3),(26282,248,213,6.3),(26283,248,234,6.3),(26284,248,277,6.3),(26285,248,311,6.3),(26286,248,328,6.3),(26287,248,337,6.3),(26288,248,362,6.3),(26289,248,376,6.3),(26290,248,379,7.3),(26291,248,381,6.3),(26292,248,408,7.3),(26293,248,409,6.3),(26294,248,418,6.3),(26295,248,421,6.3),(26296,248,477,6.3),(26297,248,490,6.3),(26298,248,504,4.8),(26299,248,527,6.3),(26300,248,536,6.3),(26301,248,548,6.3),(26302,248,616,8.3),(26303,248,627,6.3),(26304,58,10,5.7),(26305,58,22,5.7),(26306,58,79,3.2),(26307,58,97,5.7),(26308,58,135,5.7),(26309,58,139,5.7),(26310,58,153,5.7),(26311,58,155,5.7),(26312,58,166,5.7),(26313,58,202,5.7),(26314,58,227,5.7),(26315,58,241,5.7),(26316,58,284,5.7),(26317,58,295,5.7),(26318,58,300,5.7),(26319,58,303,5.2),(26320,58,329,5.2),(26321,58,336,5.2),(26322,58,377,5.7),(26323,58,378,5.7),(26324,58,461,5.7),(26325,58,483,5.7),(26326,58,502,5.7),(26327,58,521,5.7),(26328,58,570,5.7),(26329,58,591,5.7),(26330,58,598,5.7),(26331,58,609,5.7),(26332,58,612,6.7),(26333,58,3,6.3),(26334,58,17,6.3),(26335,58,27,6.3),(26336,58,44,6.3),(26337,58,48,6.3),(26338,58,54,6.3),(26339,58,77,6.3),(26340,58,87,6.3),(26341,58,106,6.3),(26342,58,120,6.3),(26343,58,145,6.3),(26344,58,148,5.8),(26345,58,169,7.3),(26346,58,175,6.8),(26347,58,177,6.3),(26348,58,194,6.3),(26349,58,200,5.8),(26350,58,222,6.3),(26351,58,239,6.3),(26352,58,266,6.3),(26353,58,270,6.3),(26354,58,274,6.3),(26355,58,275,6.3),(26356,58,296,6.3),(26357,58,324,6.3),(26358,58,375,6.3),(26359,58,392,6.3),(26360,58,447,6.8),(26361,58,462,6.3),(26362,58,494,6.3),(26363,58,499,5.8),(26364,58,511,6.3),(26365,58,538,6.3),(26366,58,552,7.8),(26367,58,584,6.3),(26368,58,586,6.3),(26369,58,593,6.3),(26370,58,604,6.3),(26371,115,51,6.3),(26372,115,112,6.3),(26373,115,114,7.3),(26374,115,117,6.3),(26375,115,164,6.3),(26376,115,168,6.3),(26377,115,232,6.3),(26378,115,233,6.3),(26379,115,245,6.3),(26380,115,263,6.3),(26381,115,264,6.3),(26382,115,271,6.3),(26383,115,317,6.3),(26384,115,351,6.3),(26385,115,370,5.8),(26386,115,411,6.3),(26387,115,414,6.3),(26388,115,441,6.3),(26389,115,449,7.3),(26390,115,452,6.8),(26391,115,482,6.3),(26392,115,500,6.3),(26393,115,503,6.3),(26394,115,561,6.8),(26395,115,562,6.3),(26396,115,589,5.8),(26397,115,613,6.3),(26398,115,19,5.2),(26399,115,69,5.7),(26400,115,86,5.7),(26401,115,100,5.7),(26402,115,101,5.7),(26403,115,108,6.7),(26404,115,143,5.7),(26405,115,176,5.7),(26406,115,181,5.7),(26407,115,191,5.7),(26408,115,209,5.7),(26409,115,249,5.7),(26410,115,251,5.7),(26411,115,254,6.2),(26412,115,265,5.7),(26413,115,280,5.7),(26414,115,298,5.7),(26415,115,322,5.7),(26416,115,355,5.7),(26417,115,361,5.7),(26418,115,410,5.7),(26419,115,424,5.7),(26420,115,429,5.7),(26421,115,458,5.7),(26422,115,467,5.7),(26423,115,476,5.7),(26424,115,485,5.7),(26425,115,487,5.7),(26426,115,510,5.7),(26427,115,525,5.2),(26428,115,550,5.7),(26429,115,556,5.7),(26430,115,558,5.7),(26431,115,611,5.7),(26432,115,617,5.7),(26433,115,626,5.7),(26434,305,40,5.7),(26435,305,47,5.7),(26436,305,58,5.7),(26437,305,73,5.7),(26438,305,85,5.7),(26439,305,140,5.2),(26440,305,174,5.7),(26441,305,203,5.7),(26442,305,221,5.7),(26443,305,225,5.7),(26444,305,229,5.7),(26445,305,246,5.7),(26446,305,276,5.7),(26447,305,279,5.7),(26448,305,282,5.7),(26449,305,288,5.7),(26450,305,297,5.7),(26451,305,310,5.2),(26452,305,356,5.7),(26453,305,394,5.7),(26454,305,403,5.7),(26455,305,428,5.7),(26456,305,454,5.7),(26457,305,468,5.7),(26458,305,469,5.7),(26459,305,486,5.7),(26460,305,488,5.7),(26461,305,492,5.7),(26462,305,512,5.7),(26463,305,518,5.7),(26464,305,590,5.7),(26465,305,35,6.3),(26466,305,53,5.8),(26467,305,81,6.3),(26468,305,109,6.3),(26469,305,113,6.3),(26470,305,144,5.8),(26471,305,158,6.3),(26472,305,171,6.3),(26473,305,185,6.3),(26474,305,237,6.3),(26475,305,260,6.3),(26476,305,299,6.3),(26477,305,304,6.3),(26478,305,331,6.3),(26479,305,346,7.3),(26480,305,353,6.3),(26481,305,400,6.3),(26482,305,436,6.3),(26483,305,440,6.3),(26484,305,442,6.3),(26485,305,480,6.3),(26486,305,496,6.3),(26487,305,501,6.3),(26488,305,506,6.3),(26489,305,514,6.3),(26490,305,523,6.3),(26491,305,524,6.3),(26492,305,553,6.3),(26493,305,573,6.3),(26494,305,599,6.3),(26495,305,619,6.3),(26496,305,623,6.3),(26497,134,5,6.8),(26498,134,46,6.3),(26499,134,57,6.3),(26500,134,72,6.3),(26501,134,91,6.3),(26502,134,95,6.3),(26503,134,124,6.3),(26504,134,193,6.3),(26505,134,207,6.3),(26506,134,210,6.3),(26507,134,211,6.3),(26508,134,219,6.3),(26509,134,235,6.3),(26510,134,258,6.3),(26511,134,278,6.3),(26512,134,281,6.3),(26513,134,320,6.3),(26514,134,325,6.3),(26515,134,330,6.3),(26516,134,343,6.3),(26517,134,391,6.3),(26518,134,398,6.3),(26519,134,399,6.3),(26520,134,417,6.3),(26521,134,444,7.3),(26522,134,484,6.3),(26523,134,493,5.8),(26524,134,509,6.3),(26525,134,546,6.3),(26526,134,549,6.3),(26527,134,565,6.3),(26528,134,568,6.3),(26529,134,574,6.3),(26530,134,606,6.3),(26531,134,629,6.3),(26532,134,8,5.7),(26533,134,52,5.7),(26534,134,66,5.7),(26535,134,89,5.7),(26536,134,110,5.7),(26537,134,125,5.7),(26538,134,130,5.7),(26539,134,165,5.7),(26540,134,192,5.7),(26541,134,220,5.7),(26542,134,236,5.7),(26543,134,268,5.7),(26544,134,286,5.7),(26545,134,315,5.2),(26546,134,326,5.2),(26547,134,364,5.7),(26548,134,371,5.7),(26549,134,384,5.7),(26550,134,412,5.7),(26551,134,435,5.7),(26552,134,448,5.7),(26553,134,455,5.7),(26554,134,497,5.2),(26555,134,516,5.7),(26556,134,522,5.7),(26557,134,544,5.7),(26558,134,559,5.7),(26559,134,600,5.7),(26560,134,603,5.7),(26561,134,607,5.7),(26562,134,621,5.7),(26563,286,18,5.8),(26564,286,38,6.3),(26565,286,56,6.3),(26566,286,59,6.3),(26567,286,74,7.3),(26568,286,94,6.3),(26569,286,99,6.3),(26570,286,121,6.3),(26571,286,123,6.3),(26572,286,127,6.3),(26573,286,141,6.3),(26574,286,146,6.3),(26575,286,163,5.8),(26576,286,198,6.3),(26577,286,252,6.3),(26578,286,253,6.3),(26579,286,259,5.8),(26580,286,294,6.3),(26581,286,308,6.3),(26582,286,323,6.3),(26583,286,341,6.3),(26584,286,349,6.3),(26585,286,383,6.3),(26586,286,423,6.3),(26587,286,426,6.3),(26588,286,453,6.3),(26589,286,539,5.8),(26590,286,555,6.3),(26591,286,581,6.3),(26592,286,583,7.8),(26593,286,602,6.3),(26594,286,634,6.3),(26595,286,9,6.2),(26596,286,20,5.7),(26597,286,43,5.7),(26598,286,55,5.7),(26599,286,63,5.7),(26600,286,67,5.7),(26601,286,75,5.7),(26602,286,118,6.7),(26603,286,132,5.7),(26604,286,134,5.7),(26605,286,151,5.7),(26606,286,172,5.7),(26607,286,201,5.7),(26608,286,212,5.7),(26609,286,228,5.7),(26610,286,242,5.7),(26611,286,247,5.7),(26612,286,267,5.7),(26613,286,292,5.7),(26614,286,293,5.7),(26615,286,305,5.7),(26616,286,352,5.7),(26617,286,358,5.7),(26618,286,368,5.7),(26619,286,393,5.7),(26620,286,405,5.7),(26621,286,439,5.7),(26622,286,478,5.7),(26623,286,489,5.7),(26624,286,498,5.7),(26625,286,505,5.7),(26626,286,545,5.7),(26627,286,566,5.7),(26628,286,618,5.7);
/*!40000 ALTER TABLE `performances` ENABLE KEYS */;
UNLOCK TABLES;

--
-- Table structure for table `players`
--

DROP TABLE IF EXISTS `players`;
/*!40101 SET @saved_cs_client     = @@character_set_client */;
/*!50503 SET character_set_client = utf8mb4 */;
CREATE TABLE `players` (
  `id` int(11) NOT NULL AUTO_INCREMENT,
  `name` varchar(100) DEFAULT NULL,
  `team_id` int(11) DEFAULT NULL,
  `role` varchar(50) DEFAULT NULL,
  `weight_goal` float DEFAULT NULL,
  `weight_assist` float DEFAULT NULL,
  `weight_yellow` float DEFAULT NULL,
  `weight_red` float DEFAULT NULL,
  PRIMARY KEY (`id`),
  KEY `team_id` (`team_id`),
  CONSTRAINT `players_ibfk_1` FOREIGN KEY (`team_id`) REFERENCES `teams` (`id`)
) ENGINE=InnoDB AUTO_INCREMENT=635 DEFAULT CHARSET=utf8mb4 COLLATE=utf8mb4_general_ci;
/*!40101 SET character_set_client = @saved_cs_client */;

--
-- Dumping data for table `players`
--

LOCK TABLES `players` WRITE;
/*!40000 ALTER TABLE `players` DISABLE KEYS */;
INSERT INTO `players` VALUES (1,'James Abankwah',19,'DF,MF',0,0,1,0),(2,'Saud Abdulhamid',17,'DF',0,1,0,0),(3,'Oliver Abildgaard',4,'MF',0,0,0,0),(4,'Tammy Abraham',17,'FW',0,0,0,0),(5,'Tammy Abraham',13,'FW',3,4,1,0),(6,'Federico Accornero',7,'MF',0,0,0,0),(7,'Francesco Acerbi',9,'DF',0,1,0,0),(8,'Che Adams',18,'FW',9,3,2,0),(9,'Yacine Adli',6,'MF',4,6,3,1),(10,'Vasilije Adžić',10,'MF,FW',0,0,0,0),(11,'Michel Aebischer',2,'MF',0,0,2,0),(12,'Honest Ahanor',7,'DF,MF',0,0,0,0),(13,'Junior Ajayi',8,'FW',0,0,0,0),(14,'Jean-Daniel Akpa-Akpro',14,'MF',0,0,4,0),(15,'David Akpan Ankeye',7,'FW,MF',0,0,0,0),(16,'Faride Alidou',8,'FW,MF',0,0,0,0),(17,'Dele Alli',4,'MF',0,0,0,1),(18,'Pontus Almqvist',16,'FW,MF',1,1,5,0),(19,'Giorgio Altare',20,'DF',0,0,2,0),(20,'Sofyan Amrabat',6,'MF',0,0,0,0),(21,'Angeliño',17,'DF',2,1,1,0),(22,'Lorenzo Anghelè',10,'FW',0,0,0,0),(23,'Faustino Anjorin',5,'MF',2,3,3,0),(24,'Marko Arnautović',9,'FW',4,2,1,0),(25,'Kristjan Asllani',9,'MF',2,2,4,0),(26,'Arthur Atta',19,'MF,FW',0,1,5,0),(27,'Emil Audero',4,'GK',0,0,0,0),(28,'Tommaso Augello',3,'DF',0,7,3,0),(29,'Carlos Augusto',9,'DF',3,2,1,0),(30,'Yann Aurel Bisseck',9,'DF',3,2,4,0),(31,'Paulo Azzi',3,'DF',0,0,2,0),(32,'Oussama El Azzouzi',2,'MF',0,0,0,0),(33,'Jacopo Bacci',5,'MF',0,0,0,0),(34,'Milan Badelj',7,'MF',1,0,2,0),(35,'Mitchel Bakker',1,'MF',0,0,0,0),(36,'Tommaso Baldanzi',17,'MF,FW',1,1,2,0),(37,'Keita Baldé',14,'FW',2,0,2,0),(38,'Botond Balogh',16,'DF',0,1,5,0),(39,'Mario Balotelli',7,'FW,MF',0,0,2,0),(40,'Lameck Banda',12,'FW,MF',0,1,1,0),(41,'Daniel Bandeira',8,'MF',0,0,1,0),(42,'Mattia Bani',7,'DF',0,0,3,0),(43,'Antonín Barák',6,'MF',0,0,0,0),(44,'Federico Barba',4,'DF',0,0,0,0),(45,'Nicolò Barella',9,'MF',3,6,4,0),(46,'Davide Bartesaghi',13,'DF',0,0,0,1),(47,'Federico Baschirotto',12,'DF',2,0,3,0),(48,'Daniele Baselli',4,'MF',0,0,0,0),(49,'Alessandro Bastoni',9,'DF',1,5,6,1),(50,'Reda Belahyane',8,'MF',0,2,6,1),(51,'Reda Belahyane',11,'MF',0,0,0,1),(52,'Raoul Bellanova',18,'DF',0,0,0,0),(53,'Raoul Bellanova',1,'DF',0,9,3,0),(54,'Andrea Belotti',4,'FW',2,0,1,0),(55,'Lucas Beltrán',6,'FW,MF',5,4,6,0),(56,'Adrian Benedyczak',16,'FW,MF',0,0,0,0),(57,'Ismaël Bennacer',13,'MF',0,0,2,0),(58,'Medon Berisha',12,'MF',0,1,5,0),(59,'Adrian Bernabe',16,'MF',1,1,1,0),(60,'Antoine Bernede',8,'MF',1,0,2,0),(61,'Sam Beukema',2,'DF',0,1,1,0),(62,'Alessandro Bianco',14,'MF',1,0,9,0),(63,'Alessandro Bianco',6,'MF',0,0,0,0),(64,'Jaka Bijol',19,'DF',1,0,13,1),(65,'Philip Billing',15,'MF',1,0,1,0),(66,'Cristiano Biraghi',18,'DF',0,0,0,0),(67,'Cristiano Biraghi',6,'DF',1,0,1,0),(68,'Samuele Birindelli',14,'DF,MF',3,0,2,0),(69,'Bjarki Bjarkason',20,'DF,MF',0,0,2,0),(70,'Emil Bohinen',7,'MF',0,0,0,0),(71,'Warren Bondo',14,'MF',0,0,5,1),(72,'Warren Bondo',13,'MF',0,0,1,0),(73,'Kevin Bonifazi',12,'DF',0,0,0,0),(74,'Ange-Yoan Bonny',16,'FW',6,4,2,0),(75,'Edoardo Bove',6,'MF,FW',1,2,3,0),(76,'Domagoj Bradarić',8,'DF',1,0,6,0),(77,'Matthias Braunöder',4,'MF',0,0,3,1),(78,'Iker Bravo',19,'FW,MF',2,1,3,0),(79,'Gleison Bremer',10,'DF',0,0,2,0),(80,'Brenner',19,'MF,FW',1,2,0,0),(81,'Marco Brescianini',1,'MF',4,2,1,0),(82,'Arvid Brorsson',14,'DF',0,0,0,0),(83,'Tajon Buchanan',9,'DF,FW',0,0,0,0),(84,'Alessandro Buongiorno',15,'DF',1,0,2,0),(85,'Rareș-Cătălin Burnete',12,'FW',0,0,0,0),(86,'Gianluca Busio',20,'MF',2,0,4,0),(87,'Jean Butez',4,'GK',0,0,0,0),(88,'Liberato Cacace',5,'MF,DF',2,4,6,0),(89,'Alessio Cacciamani',18,'MF,DF',0,0,0,0),(90,'Davide Calabria',2,'DF',0,1,3,0),(91,'Davide Calabria',13,'DF',0,0,0,0),(92,'Luca Caldirola',14,'DF',0,0,5,0),(93,'Hakan Çalhanoğlu',9,'MF',5,6,5,0),(94,'Drissa Camara',16,'MF,FW',0,0,3,0),(95,'Francesco Camarda',13,'FW,MF',0,0,0,0),(96,'Nicolò Cambiaghi',2,'FW',1,3,0,0),(97,'Andrea Cambiaso',10,'DF,FW',2,3,4,0),(98,'Thomas Campaniello',5,'FW',0,0,0,0),(99,'Matteo Cancellieri',16,'FW,MF',3,0,2,1),(100,'Fali Candé',20,'DF',1,1,4,0),(101,'Antonio Candela',20,'DF',0,1,2,0),(102,'Gianluca Caprari',14,'MF,FW',3,2,3,0),(103,'Elia Caprile',3,'GK',0,0,0,0),(104,'Elia Caprile',15,'GK',0,0,0,0),(105,'Francesco Caputo',5,'FW',0,0,0,0),(106,'Maxence Caqueret',4,'MF',2,3,4,0),(107,'Andrea Carboni',14,'DF',0,1,5,0),(108,'Franco Carboni',20,'DF',0,0,2,0),(109,'Marco Carnesecchi',1,'GK',0,0,1,0),(110,'Cesare Casadei',18,'MF',1,1,1,0),(111,'Nicolò Casale',2,'DF',0,1,1,0),(112,'Nicolò Casale',11,'DF',0,0,0,0),(113,'Federico Cassa',1,'MF,FW',0,0,0,0),(114,'Valentín Castellanos',11,'FW',10,3,9,1),(115,'Santiago Castro',2,'FW',8,4,7,0),(116,'Gaetano Castrovilli',14,'MF',0,0,0,0),(117,'Gaetano Castrovilli',11,'MF,FW',0,0,0,0),(118,'Danilo Cataldi',6,'MF',3,0,1,0),(119,'Zeki Çelik',17,'DF',0,2,5,0),(120,'Alberto Cerri',4,'FW',0,0,0,0),(121,'Gabriel Charpentier',16,'FW',1,2,1,0),(122,'Walid Cheddira',15,'FW',0,0,0,0),(123,'Leandro Chichizola',16,'GK',0,0,0,0),(124,'Samuel Chukwueze',13,'FW,MF',3,2,0,0),(125,'Aaron Ciammaglichella',18,'MF',0,0,0,0),(126,'Giuseppe Ciocci',3,'GK',0,0,0,0),(127,'Alessandro Circati',16,'DF',0,0,1,0),(128,'Alphadjo Cissè',8,'FW,MF',0,0,0,0),(129,'Patrick Ciurria',14,'MF,DF',1,1,1,0),(130,'Saúl Coco',18,'DF',2,0,10,0),(131,'Lorenzo Colombo',5,'FW,MF',6,2,5,1),(132,'Andrea Colpani',6,'FW,MF',2,1,1,0),(133,'Florinel Coman',3,'FW,MF',1,0,2,0),(134,'Pietro Comuzzo',6,'DF',1,0,5,0),(135,'Francisco Conceição',10,'FW,MF',3,3,5,1),(136,'Diego Coppola',8,'DF',2,0,10,0),(137,'Maxwel Cornet',7,'FW,MF',2,1,0,0),(138,'Joaquín Correa',9,'FW,MF',2,2,3,0),(139,'Alberto costa',10,'DF',0,1,3,0),(140,'Lassana Coulibaly',12,'MF',1,0,3,0),(141,'Woyo Coulibaly',16,'DF',0,1,1,1),(142,'Bryan Cristante',17,'MF',4,2,8,0),(143,'Domen Črnigoj',20,'MF',0,0,0,0),(144,'Juan Cuadrado',1,'DF,MF',0,2,3,0),(145,'Patrick Cutrone',4,'FW',7,4,1,0),(146,'Wylan Cyprien',16,'MF',0,0,0,0),(147,'Danilo D\'Ambrosio',14,'DF',0,1,2,1),(148,'Lucas Da Cunha',4,'MF',3,2,4,0),(149,'Samuel Dahl',17,'DF,MF',0,0,0,0),(150,'Thijs Dallinga',2,'FW',3,2,1,0),(151,'Maat Daniel Caprini',6,'FW',0,0,0,0),(152,'Flavius Daniliuc',8,'DF',0,0,0,0),(153,'Danilo',10,'DF',0,1,2,0),(154,'Matteo Darmian',9,'DF',3,2,3,0),(155,'Juan David Cabal',10,'DF',0,0,0,0),(156,'Keinan Davis',19,'FW',2,1,2,0),(157,'Paweł Dawidowicz',8,'DF,MF',0,0,7,1),(158,'Charles De Ketelaere',1,'MF,FW',7,7,1,0),(159,'Mattia De Sciglio',5,'DF',1,0,0,0),(160,'Lorenzo De Silvestri',2,'DF',1,0,1,0),(161,'Koni De Winter',7,'DF',3,0,6,0),(162,'Alessandro Deiola',3,'MF',2,1,6,0),(163,'Enrico Del Prato',16,'DF',4,0,8,0),(164,'Fisayo Dele-Bashiru',11,'MF,FW',3,1,0,0),(165,'Ali Dembélé',18,'DF',1,0,4,1),(166,'Michele Di Gregorio',10,'GK',0,0,0,0),(167,'Giovanni Di Lorenzo',15,'DF',3,2,6,0),(168,'Boulaye Dia',11,'MF,FW',9,3,2,0),(169,'Assane Diao',4,'FW,MF',8,1,2,0),(170,'Federico Dimarco',9,'DF,FW',4,7,3,0),(171,'Berat Djimsiti',1,'DF',1,2,6,0),(172,'Dodô',6,'DF',0,4,8,0),(173,'Benjamín Domínguez',2,'FW',3,2,0,0),(174,'Patrick Dorgu',12,'DF,FW',3,1,2,1),(175,'Alberto Dossena',4,'DF',0,2,1,1),(176,'Issa Doumbia',20,'MF',0,0,0,0),(177,'Anastasios Douvikas',4,'FW',2,2,1,0),(178,'Artem Dovbyk',17,'FW',12,2,0,0),(179,'Ondrej Duda',8,'MF',1,3,12,1),(180,'Denzel Dumfries',9,'DF,FW',7,2,4,0),(181,'Alfred Duncan',20,'MF',0,0,2,0),(182,'Paulo Dybala',17,'FW,MF',6,3,2,0),(183,'Enzo Ebosse',19,'DF',0,0,1,0),(184,'Tyronne Ebuehi',5,'DF,MF',0,0,0,0),(185,'Éderson',1,'MF',4,1,5,1),(186,'Kingsley Ehizibue',19,'DF',0,1,5,0),(187,'Jeff Ekhator',7,'FW,MF',1,1,1,0),(188,'Jurgen Ekkelenkamp',19,'MF',3,2,2,0),(189,'Emmanuel Ekong',5,'MF,FW',0,0,1,0),(190,'Caleb Ekuban',7,'FW',1,3,1,0),(191,'Mikael Ellertsson',20,'DF,MF',2,2,2,0),(192,'Elif Elmas',18,'FW,MF',4,0,0,0),(193,'Emerson',13,'DF',0,0,5,0),(194,'Yannik Engelhardt',4,'MF,DF',1,1,4,0),(195,'Martin Erlic',2,'DF',0,0,0,0),(196,'Sebastiano Esposito',5,'FW,MF',8,0,1,0),(197,'Estanis',2,'FW',0,0,0,0),(198,'Nahuel Estévez',16,'MF',0,0,3,0),(199,'Giovanni Fabbian',2,'MF',3,1,2,0),(200,'Alieu Fadera',4,'FW,DF',1,3,2,1),(201,'Nicolò Fagioli',6,'MF',1,2,0,0),(202,'Nicolò Fagioli',10,'MF',0,0,4,0),(203,'Wladimiro Falcone',12,'GK',0,0,2,0),(204,'Davide Faraoni',8,'DF',0,0,1,0),(205,'Jacopo Fazzini',5,'MF',4,1,1,1),(206,'Mattia Felici',3,'MF,FW',0,3,1,0),(207,'João Félix',13,'MF',2,0,3,0),(208,'Lewis Ferguson',2,'MF',1,1,0,0),(209,'Daniel Fila',20,'FW',2,0,3,1),(210,'Alessandro Florenzi',13,'FW',0,0,0,0),(211,'Youssouf Fofana',13,'MF',1,6,5,0),(212,'Michael Folorunsho',6,'FW,MF',0,0,5,0),(213,'Michael Folorunsho',15,'FW,MF',0,0,0,0),(214,'Omari Forson',14,'MF,FW',0,0,0,0),(215,'Davide Frattesi',9,'MF',5,1,1,0),(216,'Morten Frendrup',7,'MF',2,0,5,0),(217,'Martin Frese',8,'DF',0,0,0,0),(218,'Remo Freuler',2,'MF',1,2,6,0),(219,'Matteo Gabbia',13,'DF',2,0,4,0),(220,'Tommaso Gabellini',18,'FW',0,0,0,0),(221,'Tiago Gabriel',12,'DF',0,0,0,0),(222,'Alessandro Gabrielloni',4,'FW,MF',1,1,1,0),(223,'Gianluca Gaetano',3,'MF,FW',2,4,0,0),(224,'Roberto Gagliardini',14,'MF,DF',0,0,1,0),(225,'Antonino Gallo',12,'DF',0,2,3,1),(226,'Silvère Ganvoula M\'Boussy',14,'FW',0,0,0,0),(227,'Federico Gatti',10,'DF',1,0,2,0),(228,'David de Gea',6,'GK',0,1,1,0),(229,'Valentin Gendrey',12,'DF',0,0,0,0),(230,'Daniele Ghilardi',8,'DF',0,0,7,1),(231,'Lautaro Gianetti',19,'DF',1,0,4,0),(232,'Samuel Gigot',11,'DF',2,0,2,0),(233,'Mario Gila',11,'DF',1,0,8,0),(234,'Billy Gilmour',15,'MF',0,1,0,0),(235,'Santiago Giménez',13,'FW',5,2,3,1),(236,'Gvidas Gineitis',18,'MF',3,1,5,0),(237,'Ben Godfrey',1,'DF',0,0,0,0),(238,'Saba Goglichidze',5,'DF',0,1,3,1),(239,'Edoardo Goldaniga',4,'DF',1,0,12,1),(240,'Pierluigi Gollini',7,'GK',0,0,1,0),(241,'Nicolás González',10,'FW,MF',3,2,3,0),(242,'Robin Gosens',6,'DF',5,5,6,0),(243,'Lucas Gourna-Douath',17,'MF',0,0,2,0),(244,'Alberto Grassi',5,'MF',1,0,8,0),(245,'Mattéo Guendouzi',11,'MF',1,3,7,0),(246,'Frederic Guilbert',12,'DF',0,1,3,2),(247,'Albert Guðmundsson',6,'FW,MF',6,1,2,0),(248,'Emmanuel Gyasi',5,'DF,FW',2,1,5,0),(249,'Christian Gytkjær',20,'FW',2,1,0,0),(250,'Nicolas Haas',5,'MF',0,0,1,0),(251,'Saad El Haddad',20,'MF',0,0,0,0),(252,'Antoine Hainaut',16,'DF,FW',2,0,4,0),(253,'Mohamed Haj',16,'MF',1,2,4,0),(254,'Ridgeciano Haps',20,'DF',1,1,3,0),(255,'Abdou Harroui',8,'MF,FW',1,2,1,0),(256,'Liam Henderson',5,'MF',0,4,10,0),(257,'Mario Hermoso',17,'DF',0,0,2,1),(258,'Theo Hernández',13,'DF',4,3,4,1),(259,'Hernani',16,'MF',3,3,7,0),(260,'Isak Hien',1,'DF',0,0,10,0),(261,'Emil Holm',2,'DF',1,1,3,0),(262,'Mats Hummels',17,'DF',0,0,1,0),(263,'Elseid Hysaj',11,'DF',0,3,2,1),(264,'Arijon Ibrahimović',11,'MF',0,0,0,0),(265,'Jay Idzes',20,'DF',1,0,5,0),(266,'Jonathan Ikone',4,'FW',2,0,1,0),(267,'Jonathan Ikone',6,'FW,MF',0,0,0,0),(268,'Ivan Ilić',18,'MF',1,0,4,0),(269,'Samuel Iling-Junior',2,'FW,MF',1,0,0,0),(270,'Alessio Iovine',4,'DF,FW',0,0,2,0),(271,'Gustav Isaksen',11,'FW',4,2,5,0),(272,'Ardian Ismajli',5,'DF',0,0,3,0),(273,'Armando Izzo',14,'DF',1,1,12,0),(274,'Fellipe Jack',4,'DF',0,0,2,0),(275,'Ali Jasim',4,'FW,DF',0,0,0,0),(276,'Gaby Jean',12,'DF',0,0,0,0),(277,'Juan Jesus',15,'DF',0,1,2,0),(278,'Alejandro Jiménez',13,'DF,FW',0,1,6,0),(279,'Þórir Jóhann Helgason',12,'MF',0,4,0,0),(280,'Jesse Joronen',20,'GK',0,0,0,0),(281,'Luka Jović',13,'FW,MF',2,0,1,0),(282,'Mohamed Kaba',12,'MF',0,0,1,0),(283,'Christian Kabasele',19,'DF',2,0,0,0),(284,'Pierre Kalulu',10,'DF',1,0,2,1),(285,'Hassane Kamara',19,'DF',1,4,8,1),(286,'Yann Karamoh',18,'MF,FW',0,1,2,0),(287,'Jesper Karlsson',2,'FW',1,0,1,0),(288,'Jesper Karlsson',12,'FW',1,0,2,0),(289,'Jesper Karlström',19,'MF',0,3,9,0),(290,'Lior Kasa',7,'MF,FW',0,0,2,0),(291,'Grigoris Kastanos',8,'MF,FW',1,1,4,0),(292,'Michael Kayode',6,'DF,FW',0,0,0,0),(293,'Moise Kean',6,'FW',17,3,5,0),(294,'Mandela Keita',16,'MF',0,2,6,1),(295,'Lloyd Kelly',10,'DF',0,0,1,0),(296,'Marc-Oliver Kempf',4,'DF',0,0,6,1),(297,'Kialonda',12,'DF',0,1,3,0),(298,'Magnus Kofod Andersen',20,'MF',1,1,1,0),(299,'Sead Kolašinac',1,'DF',0,2,7,0),(300,'Randal Kolo Muani',10,'FW',8,1,0,0),(301,'Ismael Konate',5,'FW,MF',0,1,0,0),(302,'Manu Koné',17,'MF',2,1,6,0),(303,'Teun Koopmeiners',10,'MF,FW',3,3,3,0),(304,'Odilon Kossounou',1,'DF',0,0,1,0),(305,'Christian Kouamé',6,'FW,MF',0,1,1,0),(306,'Christian Kouamé',5,'FW,MF',1,0,0,0),(307,'Viktor Kovalenko',5,'MF',0,0,0,0),(308,'Mateusz Kowalski',16,'MF',0,0,0,0),(309,'Thomas Kristensen',19,'DF',1,0,5,0),(310,'Nikola Krstović',12,'FW',11,5,6,0),(311,'Khvicha Kvaratskhelia',15,'FW,MF',5,3,1,0),(312,'Giorgos Kyriakopoulos',14,'DF',2,4,5,0),(313,'Mathis Lambourde',8,'FW,MF',1,0,1,0),(314,'Gianluca Lapadula',3,'FW,MF',0,0,1,0),(315,'Valentino Lazaro',18,'DF,FW',0,6,6,0),(316,'Darko Lazović',8,'DF,MF',2,3,0,0),(317,'Manuel Lazzari',11,'DF',0,1,3,0),(318,'Enzo Le Fée',17,'MF',0,0,1,0),(319,'Nicola Leali',7,'GK',0,0,1,0),(320,'Rafael Leão',13,'FW',8,8,5,0),(321,'Stefan Lekovic',14,'DF',0,0,0,0),(322,'Nunzio Lella',20,'MF',0,0,0,0),(323,'Giovanni Leoni',16,'DF',1,0,3,1),(324,'Ben Lhassine Kone',4,'MF',0,0,1,0),(325,'Mattia Liberali',13,'MF',0,0,0,0),(326,'Karol Linetty',18,'MF',1,0,6,0),(327,'Dailon Livramento',8,'FW,MF',1,1,2,1),(328,'Stanislav Lobotka',15,'MF',0,1,3,0),(329,'Manuel Locatelli',10,'MF',2,2,9,0),(330,'Ruben Loftus-Cheek',13,'MF',0,0,3,0),(331,'Ademola Lookman',1,'MF,FW',15,5,4,0),(332,'Sandi Lovrić',19,'MF',2,3,5,0),(333,'Lorenzo Lucca',19,'FW',12,1,10,0),(334,'Jhon Lucumí',2,'DF',0,1,8,1),(335,'José Luis Palomino',3,'DF',1,0,3,0),(336,'Douglas Luiz',10,'MF',0,0,2,0),(337,'Romelu Lukaku',15,'FW',14,10,4,0),(338,'Sebastiano Luperto',3,'DF',1,3,4,0),(339,'Zito Luvumbo',3,'FW,MF',2,2,2,0),(340,'Charalampos Lykogiannis',2,'DF',0,4,3,0),(341,'Mathias Løvik',16,'DF,FW',0,0,0,0),(342,'Giangiacomo Magnani',8,'DF',1,0,2,0),(343,'Mike Maignan',13,'GK',0,0,1,0),(344,'Antoine Makoumbou',3,'MF',0,3,4,1),(345,'Daniel Maldini',14,'MF,FW',3,0,5,0),(346,'Daniel Maldini',1,'FW,MF',3,0,0,0),(347,'Youssef Maleh',5,'MF',0,1,5,1),(348,'Ruslan Malinovskyi',7,'MF,FW',0,2,2,0),(349,'Dennis Man',16,'FW,MF',4,4,0,0),(350,'Gianluca Mancini',17,'DF',2,0,8,0),(351,'Christos Mandas',11,'GK',0,0,0,0),(352,'Rolando Mandragora',6,'MF',4,2,7,0),(353,'Alberto Manzoni',1,'MF',0,0,0,0),(354,'Alessandro Marcandalli',7,'DF',0,0,0,0),(355,'Alessandro Marcandalli',20,'DF',0,0,2,0),(356,'Filip Marchwiński',12,'MF',0,0,0,0),(357,'Pablo Marí',14,'DF',0,0,4,1),(358,'Pablo Marí',6,'DF',0,0,2,0),(359,'Luca Marianucci',5,'DF',0,0,0,1),(360,'Mirko Marić',14,'FW,MF',0,0,0,0),(361,'Mirko Marić',20,'FW',0,0,0,0),(362,'Rafa Marín',15,'DF',0,0,1,0),(363,'Răzvan Marin',3,'MF',3,2,4,0),(364,'Guillermo Maripán',18,'DF',1,1,4,1),(365,'Aarón Martín',7,'DF',0,8,5,0),(366,'Josep Martinez',9,'GK',0,0,0,0),(367,'Lautaro Martínez',9,'FW',12,3,1,0),(368,'Lucas Martínez Quarta',6,'DF',1,0,1,0),(369,'Kevin Martins',14,'MF,DF',0,1,1,0),(370,'Adam Marušić',11,'DF',4,0,1,0),(371,'Adam Masina',18,'DF',1,2,5,0),(372,'Patrizio Masini',7,'MF',1,0,3,0),(373,'Alan Matturro',7,'DF',0,0,2,0),(374,'Andrea Mazza',14,'GK',0,0,0,0),(375,'Luca Mazzitelli',4,'MF',1,1,1,0),(376,'Pasquale Mazzocchi',15,'DF,FW',0,0,3,0),(377,'Samuel Mbangula',10,'FW',3,3,1,0),(378,'Weston McKennie',10,'MF,DF',2,4,3,0),(379,'Scott McTominay',15,'MF',12,4,3,0),(380,'Filippo Melegoni',7,'MF,FW',0,1,0,0),(381,'Alex Meret',15,'GK',0,0,0,0),(382,'Junior Messias',7,'MF,FW',1,1,1,0),(383,'Valentin Mihaila',16,'FW,MF',0,3,2,0),(384,'Vanja Milinković-Savić',18,'GK',0,0,3,0),(385,'Yerry Mina',3,'DF',1,0,6,1),(386,'Juan Miranda',2,'DF',0,6,4,1),(387,'Fabio Miretti',7,'MF,FW',3,3,2,0),(388,'Henrikh Mkhitaryan',9,'MF',1,4,4,0),(389,'Rui Modesto',19,'DF,MF',0,1,1,0),(390,'Lorenzo Montipò',8,'GK',0,0,0,0),(391,'Álvaro Morata',13,'FW,MF',5,0,5,0),(392,'Alberto Moreno',4,'DF',0,0,4,0),(393,'Matias Moreno',6,'DF',0,0,0,0),(394,'Tete Morente',12,'FW,MF',3,2,5,0),(395,'Nikola Moro',2,'MF',0,2,1,0),(396,'Daniel Mosquera',8,'FW',5,1,4,0),(397,'Dany Mota',14,'FW,MF',5,2,3,0),(398,'Bob Murphy Omoregbe',13,'MF',0,0,0,0),(399,'Yunus Musah',13,'MF,FW',0,2,5,0),(400,'Juan Musso',1,'GK',0,0,0,0),(401,'Kingstone Mutandwa',3,'FW,MF',0,0,0,0),(402,'Obite N\'Dicka',17,'DF',0,1,2,0),(403,'Konan N\'dri',12,'FW,MF',0,0,0,0),(404,'Michel Ndary Adopo',3,'MF',1,1,5,1),(405,'Cher Ndour',6,'MF,DF',0,0,1,0),(406,'Dan Ndoye',2,'FW',8,4,4,0),(407,'Victor Nelsson',17,'DF',0,0,0,0),(408,'David Neres',15,'FW',2,4,1,0),(409,'Cyril Ngonge',15,'FW',0,0,2,0),(410,'Hans Nicolussi Caviglia',20,'MF',4,2,7,1),(411,'Oliver Nielsen',11,'DF',0,0,1,0),(412,'Eybi Nije',18,'FW,MF',1,0,1,0),(413,'Brooke Norton-Cuffy',7,'DF,FW',0,0,0,0),(414,'Tijjani Noslin',11,'FW,MF',2,2,2,0),(415,'Adam Obert',3,'DF',1,1,4,0),(416,'Jens Odgaard',2,'MF,FW',6,1,1,0),(417,'Noah Okafor',13,'FW',1,0,0,0),(418,'Noah Okafor',15,'FW,MF',0,0,0,0),(419,'Yllan Okou',8,'DF',0,0,0,0),(420,'Maduka Okoye',19,'GK',0,0,1,0),(421,'Mathías Olivera',15,'DF',0,2,4,0),(422,'Jean Onana',7,'MF',0,0,1,0),(423,'Jacob Ondrejka',16,'MF,FW',5,0,0,0),(424,'Gaetano Oristanio',20,'FW,MF',3,3,3,0),(425,'Riccardo Orsolini',2,'FW',15,4,2,0),(426,'Yordan Osorio',16,'DF',0,0,0,0),(427,'Sebastian Otoa',7,'DF',0,0,1,1),(428,'Remi Oudin',12,'MF,FW',0,0,1,0),(429,'Cheick Oumar Conde',20,'MF',0,0,2,0),(430,'Daniel Oyegoke',8,'DF',0,0,1,0),(431,'Daniele Padelli',19,'GK',0,0,0,0),(432,'Simone Pafundi',19,'MF,DF',0,0,0,0),(433,'Tomás Palacios',14,'DF',0,0,2,0),(434,'Tomás Palacios',9,'DF',0,0,0,0),(435,'Alberto Paleari',18,'GK',0,0,0,0),(436,'Marco Palestra',1,'DF',0,0,0,0),(437,'Matteo Palma',19,'DF',0,0,0,0),(438,'Leandro Paredes',17,'MF',3,1,4,0),(439,'Fabiano Parisi',6,'DF,MF',2,0,3,0),(440,'Mario Pašalić',1,'MF',3,4,1,0),(441,'Patric',11,'DF',1,0,2,0),(442,'Rui Patrício',1,'GK',0,0,0,0),(443,'Benjamin Pavard',9,'DF',0,1,4,0),(444,'Strahinja Pavlović',13,'DF',2,1,3,1),(445,'Leonardo Pavoletti',3,'FW,MF',2,0,5,0),(446,'Martín Payero',19,'MF',1,1,5,0),(447,'Nicolás Paz',4,'MF,FW',6,8,6,0),(448,'Marcus Pedersen',18,'DF',0,0,3,0),(449,'Pedro',11,'FW,MF',10,1,2,0),(450,'Pietro Pellegri',5,'FW',3,0,2,0),(451,'Lorenzo Pellegrini',17,'MF',2,1,4,0),(452,'Luca Pellegrini',11,'DF',0,4,5,0),(453,'Mateo Pellegrino',16,'FW',3,1,2,0),(454,'Andy Pelmard',12,'DF',0,0,1,0),(455,'Sergiu Perciun',18,'FW,MF',0,0,0,0),(456,'Pedro Pereira',14,'DF',1,3,10,0),(457,'Gastón Pereiro',7,'MF',0,0,0,0),(458,'Kike Pérez',20,'MF',1,0,4,0),(459,'Nehuén Pérez',19,'DF',0,0,0,0),(460,'Simone Perilli',8,'GK',0,0,0,0),(461,'Mattia Perin',10,'GK',0,0,0,0),(462,'Máximo Perrone',4,'MF',0,3,6,0),(463,'Matteo Pessina',14,'MF',0,0,2,0),(464,'Andrea Petagna',14,'FW',0,0,1,0),(465,'Giuseppe Pezzella',5,'DF,FW',0,3,7,0),(466,'Roberto Piccoli',3,'FW',10,1,6,0),(467,'Nicholas Pierini',20,'MF',0,0,0,0),(468,'Santiago Pierotti',12,'FW',4,2,6,1),(469,'Balthazar Pierret',12,'MF',0,0,2,0),(470,'Andrea Pinamonti',7,'FW',10,1,4,0),(471,'Nicola Pintus',3,'DF',0,0,0,0),(472,'Niccolò Pisilli',17,'MF',2,1,7,0),(473,'Damián Pizarro',19,'FW,MF',0,0,0,0),(474,'Semuel Pizzignacco',14,'GK',0,0,0,0),(475,'Tommaso Pobega',2,'MF',2,2,6,2),(476,'Joel Pohjanpalo',20,'FW',6,0,1,0),(477,'Matteo Politano',15,'FW,MF',3,4,3,0),(478,'Marin Pongračić',6,'DF',0,0,3,1),(479,'Stefan Posch',2,'DF',0,0,1,0),(480,'Stefan Posch',1,'DF',0,0,0,0),(481,'Matteo Prati',3,'MF',0,0,1,0),(482,'Ivan Provedel',11,'GK',0,0,0,0),(483,'Diego Pugno',10,'FW',0,0,0,0),(484,'Christian Pulisic',13,'FW,MF',11,9,1,0),(485,'Ionuț Radu',20,'GK',0,0,1,0),(486,'Hamza Rafia',12,'MF',0,0,4,0),(487,'Antonio Raimondo',20,'FW,DF',0,0,0,0),(488,'Ylber Ramadani',12,'MF',1,1,4,0),(489,'Luca Ranieri',6,'DF',0,3,7,0),(490,'Giacomo Raspadori',15,'FW,MF',6,1,1,0),(491,'Federico Ravaglia',2,'GK',0,0,0,0),(492,'Ante Rebić',12,'FW,MF',1,0,3,2),(493,'Tijjani Reijnders',13,'MF',10,4,2,1),(494,'Pepe Reina',4,'GK',0,0,0,1),(495,'Devyne Rensch',17,'DF',0,1,0,0),(496,'Mateo Retegui',1,'FW',25,8,3,0),(497,'Samuele Ricci',18,'MF',1,1,8,1),(498,'Amir Richardson',6,'MF',1,1,6,0),(499,'Sergi Roberto',4,'MF',0,1,4,0),(500,'Alessio Romagnoli',11,'DF',2,0,4,2),(501,'Marten de Roon',1,'MF,DF',4,4,5,0),(502,'Jonas Rouhi',10,'DF',0,0,0,0),(503,'Nicolò Rovella',11,'MF',0,3,13,0),(504,'Amir Rrahmani',15,'DF',1,3,2,0),(505,'Tommaso Rubino',6,'MF',0,0,0,0),(506,'Matteo Ruggeri',1,'DF',0,3,2,0),(507,'Stefano Sabelli',7,'DF',0,2,3,0),(508,'Alexis Saelemaekers',17,'DF,FW',7,3,4,0),(509,'Alexis Saelemaekers',13,'DF,FW',0,0,0,0),(510,'Richie Sagrado',20,'DF',0,0,1,0),(511,'Marco Sala',4,'DF',0,0,3,0),(512,'Marco Sala',12,'DF',0,0,0,0),(513,'Anass Salah-Eddine',17,'DF',0,1,0,0),(514,'Lazar Samardzic',1,'MF',2,1,3,0),(515,'Junior Sambia',5,'DF,FW',0,0,0,0),(516,'Antonio Sanabria',18,'FW',2,1,2,0),(517,'Alexis Sánchez',19,'FW',0,0,0,0),(518,'Nicola Sansone',12,'MF,FW',0,0,1,0),(519,'Amin Sarr',8,'FW',4,1,1,0),(520,'Razvan Sava',19,'GK',0,0,1,0),(521,'Nicolò Savona',10,'DF',2,1,5,0),(522,'Saba Sazonov',18,'DF',0,0,0,0),(523,'Giorgio Scalvini',1,'DF',0,0,2,0),(524,'Gianluca Scamacca',1,'FW',0,0,0,0),(525,'Joël Schingtienne',20,'DF',0,0,2,0),(526,'Simone Scuffet',3,'GK',0,0,0,0),(527,'Simone Scuffet',15,'GK',0,0,0,0),(528,'Jacopo Seghetti',5,'GK',0,0,0,0),(529,'Stefano Sensi',14,'MF',1,0,0,0),(530,'Suat Serdar',8,'MF',2,1,4,1),(531,'Stephan El Shaarawy',17,'DF,MF',3,4,2,0),(532,'Alen Sherri',3,'GK',0,0,0,0),(533,'Eldor Shomurodov',17,'FW,MF',4,4,1,0),(534,'Benjamin Siegrist',7,'GK',0,0,0,0),(535,'Marco Silvestri',5,'GK',0,0,0,0),(536,'Giovanni Simeone',15,'FW',1,1,1,0),(537,'Łukasz Skorupski',2,'GK',0,0,1,0),(538,'Ivan Smolčić',4,'DF',0,0,2,0),(539,'Simon Sohm',16,'MF',4,0,6,0),(540,'Ola Solbakken',5,'MF,FW',0,0,2,0),(541,'Oumar Solet',19,'DF',1,2,3,1),(542,'Daniele Sommariva',7,'GK',0,0,0,0),(543,'Yann Sommer',9,'GK',0,0,0,0),(544,'Borna Sosa',18,'DF',0,0,0,0),(545,'Riccardo Sottil',6,'FW,MF',1,1,1,0),(546,'Riccardo Sottil',13,'FW,MF',0,0,0,0),(547,'Matìas Soulé',17,'MF,DF',5,5,3,0),(548,'Leonardo Spinazzola',15,'DF,FW',1,1,1,0),(549,'Marco Sportiello',13,'GK',0,0,0,0),(550,'Filip Stankovic',20,'GK',0,0,1,0),(551,'Petar Stojanović',5,'MF',0,0,0,0),(552,'Gabriel Strefezza',4,'FW,MF',6,4,5,0),(553,'Ibrahim Sulemana',1,'MF',2,0,1,0),(554,'Tomáš Suslov',8,'MF,FW',0,1,7,1),(555,'Zion Suzuki',16,'GK',0,0,2,1),(556,'Marin Šverko',20,'DF',1,0,3,0),(557,'Mile Svilar',17,'GK',0,0,1,0),(558,'Michael Svoboda',20,'DF',1,0,1,0),(559,'Adrien Tameze',18,'MF,DF',0,0,3,0),(560,'Mehdi Taremi',9,'FW',1,2,1,0),(561,'Nuno Tavares',11,'DF',0,8,4,1),(562,'Loum Tchaouna',11,'FW,MF',1,0,4,1),(563,'Jackson Tchatchoua',8,'DF,MF',2,3,7,1),(564,'Casper Tengstedt',8,'FW',6,1,2,0),(565,'Filippo Terracciano',13,'DF,MF',0,0,3,0),(566,'Pietro Terracciano',6,'GK',0,0,0,0),(567,'Florian Thauvin',19,'FW,MF',8,3,0,0),(568,'Malick Thiaw',13,'DF',0,0,2,0),(569,'Morten Thorsby',7,'MF,FW',0,1,6,0),(570,'Khéphren Thuram',10,'MF',4,5,5,0),(571,'Marcus Thuram',9,'FW',14,4,1,0),(572,'Cheikh Tidiane Niasse',8,'MF',0,0,4,0),(573,'Rafael Tolói',1,'DF',0,0,1,0),(574,'Fikayo Tomori',13,'DF',0,1,4,1),(575,'Luka Topalović',9,'MF',0,0,0,0),(576,'Lorenzo Tosto',5,'DF',0,0,0,0),(577,'Souleymane Touré',19,'DF',1,0,2,2),(578,'Stefano Turati',14,'GK',0,0,1,0),(579,'Kacper Urbanski',2,'MF',1,0,2,0),(580,'Kacper Urbanski',14,'MF',0,0,1,0),(581,'Lautaro Valenti',16,'DF',1,0,6,1),(582,'Nicolás Valentini',8,'DF',0,0,5,1),(583,'Emanuele Valeri',16,'DF',2,6,1,0),(584,'Álex Valle',4,'DF',0,0,2,0),(585,'Mattia Valoti',14,'MF',0,0,1,0),(586,'Ignace Van Der Brempt',4,'DF',0,1,3,0),(587,'Devis Vásquez',5,'GK',0,0,2,0),(588,'Johan Vásquez',7,'DF',3,0,9,0),(589,'Matías Vecino',11,'MF',2,3,7,0),(590,'Danilo Veiga',12,'DF',0,0,0,0),(591,'Renato Veiga',10,'DF',0,1,2,0),(592,'Lorenzo Venturino',7,'FW,MF',2,0,0,0),(593,'Simone Verdi',4,'MF,FW',0,0,1,0),(594,'Samuele Vignato',14,'MF',0,0,0,0),(595,'Nicolas Viola',3,'FW,MF',3,1,2,0),(596,'Mattia Viti',5,'DF',1,0,3,0),(597,'Vitinha',7,'FW,MF',2,3,2,0),(598,'Dušan Vlahović',10,'FW',10,4,3,0),(599,'Vanja Vlahović',1,'FW,MF',0,0,0,0),(600,'Nikola Vlašić',18,'MF,FW',5,4,0,0),(601,'Alessandro Vogliacco',7,'DF',2,0,3,0),(602,'Alessandro Vogliacco',16,'DF',0,0,2,0),(603,'Mërgim Vojvoda',18,'DF',0,0,4,0),(604,'Mërgim Vojvoda',4,'DF',1,2,2,0),(605,'Stefan de Vrij',9,'DF',3,0,2,0),(606,'Kyle Walker',13,'DF',0,0,1,0),(607,'Sebastian Walukiewicz',18,'DF',0,0,6,0),(608,'Sebastian Walukiewicz',5,'DF',0,0,0,0),(609,'Timothy Weah',10,'DF,FW',5,2,4,0),(610,'Mateusz Wieteska',3,'DF',0,0,1,0),(611,'John Yeboah',20,'FW,MF',1,1,6,0),(612,'Kenan Yıldız',10,'FW,MF',7,4,2,1),(613,'Mattia Zaccagni',11,'FW',8,6,10,0),(614,'Nicola Zalewski',17,'DF,FW',0,0,0,0),(615,'Nicola Zalewski',9,'DF,MF',1,1,4,0),(616,'Andre-Frank Zambo Anguissa',15,'MF',6,4,5,0),(617,'Francesco Zampano',20,'DF',1,2,5,0),(618,'Nicolò Zaniolo',6,'FW',0,0,2,1),(619,'Nicolò Zaniolo',1,'FW,MF',2,2,4,0),(620,'Alessandro Zanoli',7,'FW,DF',1,0,3,0),(621,'Duván Zapata',18,'FW',3,0,1,0),(622,'Gabriele Zappa',3,'DF',2,0,4,0),(623,'Davide Zappacosta',1,'DF',4,2,3,0),(624,'Oier Zarraga',19,'MF',1,0,0,0),(625,'Jordan Zemura',19,'DF',1,2,2,0),(626,'Alessio Zerbin',20,'DF',1,1,4,0),(627,'Alessio Zerbin',15,'FW,DF',0,0,0,0),(628,'Kevin Zeroli',14,'MF',0,1,0,0),(629,'Kevin Zeroli',13,'MF',0,0,0,0),(630,'Piotr Zieliński',9,'MF',2,2,0,0),(631,'Nadir Zortea',3,'DF,MF',6,2,2,0),(632,'Szymon Żurkowski',5,'MF',0,0,0,0),(633,'Milan Đurić',14,'FW',4,1,3,0),(634,'Milan Đurić',16,'FW',1,0,1,0);
/*!40000 ALTER TABLE `players` ENABLE KEYS */;
UNLOCK TABLES;

--
-- Table structure for table `teams`
--

DROP TABLE IF EXISTS `teams`;
/*!40101 SET @saved_cs_client     = @@character_set_client */;
/*!50503 SET character_set_client = utf8mb4 */;
CREATE TABLE `teams` (
  `id` int(11) NOT NULL AUTO_INCREMENT,
  `name` varchar(100) DEFAULT NULL,
  PRIMARY KEY (`id`),
  UNIQUE KEY `name` (`name`)
) ENGINE=InnoDB AUTO_INCREMENT=21 DEFAULT CHARSET=utf8mb4 COLLATE=utf8mb4_general_ci;
/*!40101 SET character_set_client = @saved_cs_client */;

--
-- Dumping data for table `teams`
--

LOCK TABLES `teams` WRITE;
/*!40000 ALTER TABLE `teams` DISABLE KEYS */;
INSERT INTO `teams` VALUES (1,'Atalanta'),(2,'Bologna'),(3,'Cagliari'),(4,'Como'),(5,'Empoli'),(6,'Fiorentina'),(7,'Genoa'),(8,'Hellas Verona'),(9,'Inter'),(10,'Juventus'),(11,'Lazio'),(12,'Lecce'),(13,'Milan'),(14,'Monza'),(15,'Napoli'),(16,'Parma'),(17,'Roma'),(18,'Torino'),(19,'Udinese'),(20,'Venezia');
/*!40000 ALTER TABLE `teams` ENABLE KEYS */;
UNLOCK TABLES;

--
-- Dumping routines for database 'seriea'
--
/*!40103 SET TIME_ZONE=@OLD_TIME_ZONE */;

/*!40101 SET SQL_MODE=@OLD_SQL_MODE */;
/*!40014 SET FOREIGN_KEY_CHECKS=@OLD_FOREIGN_KEY_CHECKS */;
/*!40014 SET UNIQUE_CHECKS=@OLD_UNIQUE_CHECKS */;
/*!40101 SET CHARACTER_SET_CLIENT=@OLD_CHARACTER_SET_CLIENT */;
/*!40101 SET CHARACTER_SET_RESULTS=@OLD_CHARACTER_SET_RESULTS */;
/*!40101 SET COLLATION_CONNECTION=@OLD_COLLATION_CONNECTION */;
/*!40111 SET SQL_NOTES=@OLD_SQL_NOTES */;

-- Dump completed on 2026-02-13 10:56:17
